{
    "avg_prec": {
        "train": 0.944496726698651,
        "test": 0.873531706489383
    },
    "roc_auc": {
        "train": 0.9716202132562426,
        "test": 0.9129288638903444
    }
}
